batch,mae,supervise
0,0.014438258,0.014438258
1,0.027590524,0.027012296
2,0.009423381,0.009848646
3,0.018489627,0.01857698
4,0.032399256,0.034480054
5,0.031971764,0.032375086
6,0.025443254,0.025406403
7,0.01185984,0.012364205
8,0.02032005,0.020672129
9,0.01333934,0.013843837
10,0.027280977,0.028525356
11,0.021778686,0.021637591
12,0.011406517,0.010607443
13,0.002145709,0.002612422
14,0.013812862,0.013275238
15,0.029617997,0.028729109
16,0.003228102,0.003693764
17,0.026625577,0.022721238
18,0.011327744,0.01251677
19,0.010466803,0.009436721
20,0.020325057,0.018465666
21,0.010532916,0.010550765
22,0.010935753,0.009094834
23,0.011822709,0.010800352
24,0.008112088,0.006389929
25,0.037889268,0.032742526
26,0.017370984,0.014225012
27,0.011628822,0.010550261
28,0.005231865,0.004761141
29,0.005521733,0.004628955
30,0.006828871,0.006369348
31,0.006553467,0.005811604
32,0.014990564,0.012628595
33,0.018959345,0.015543825
34,0.008675072,0.007368822
35,0.006893575,0.006384851
36,0.013182354,0.01069079
37,0.018989203,0.015798211
38,0.007558176,0.00606574
39,0.007516859,0.006182756
40,0.00744878,0.007482329
41,0.008480906,0.006112468
42,0.00340468,0.003038738
43,0.005759622,0.006292136
44,0.008229963,0.007935034
45,0.006544569,0.006167856
46,0.003254939,0.003323772
47,0.006748292,0.005233949
48,0.006093542,0.0056005
49,0.005999004,0.005634966
50,0.006583051,0.006078667
51,0.002847299,0.002586843
52,0.012176445,0.011406126
53,0.012492054,0.012608341
54,0.006301228,0.005888919
55,0.00642926,0.006368618
56,0.003253087,0.003416973
57,0.002401664,0.002547136
58,0.004462433,0.003828625
59,0.009804029,0.008327634
60,0.009166228,0.008576834
61,0.007806624,0.007588672
62,0.005070949,0.004474862
63,0.00189772,0.001924253
64,0.005816448,0.005540662
65,0.007354024,0.006417681
66,0.004639246,0.004407505
67,0.00397985,0.004009639
68,0.004832626,0.004479137
69,0.006429179,0.006043386
70,0.009291613,0.008327007
71,0.004877853,0.004040219
72,0.002584278,0.002866773
73,0.003908854,0.004343884
74,0.002635554,0.002526335
75,0.007526559,0.007130699
76,0.006060168,0.005494238
77,0.008950087,0.008509705
78,0.00413951,0.004143488
79,0.007020809,0.006745506
80,0.005084299,0.004697425
81,0.004265058,0.003936108
82,0.005533719,0.00571723
83,0.007734848,0.007822742
84,0.001851701,0.00198356
85,0.006589985,0.005660759
86,0.01397763,0.013758964
87,0.00232371,0.002276503
88,0.008604912,0.008301778
89,0.005686102,0.00577933
90,0.007078302,0.006516975
91,0.004639885,0.004436356
92,0.001834508,0.001864227
93,0.003795749,0.003629242
94,0.004833692,0.004767352
95,0.00258702,0.00255823
96,0.002057936,0.002356551
97,0.008789345,0.008126851
98,0.005635371,0.00547432
99,0.002100982,0.002291941
100,0.002129492,0.002242263
101,0.003379071,0.003414074
102,0.005808018,0.005461073
103,0.004521225,0.005167922
104,0.007592361,0.007470169
105,0.003143421,0.003057854
106,0.003628674,0.003685041
107,0.002419497,0.002690647
108,0.005894228,0.005685208
109,0.004939136,0.005206544
110,0.007439442,0.007484908
111,0.005218972,0.005418377
112,0.003588091,0.00384284
113,0.003652515,0.003615357
114,0.005060636,0.005146532
115,0.002708491,0.002643831
116,0.00435369,0.004401626
117,0.007422028,0.007900245
118,0.004573073,0.004332158
119,0.003235508,0.003779617
120,0.004391348,0.004346439
121,0.002124658,0.002217336
122,0.003117729,0.003479755
123,0.004949476,0.004721273
124,0.003318975,0.003478886
125,0.002518796,0.00249769
126,0.004410849,0.00434246
127,0.002935085,0.00283677
128,0.005636354,0.005467745
129,0.003668561,0.003609706
130,0.003526296,0.003632251
131,0.002824082,0.002721702
132,0.002113981,0.002080259
133,0.002530695,0.002843008
134,0.002469968,0.002311524
135,0.002387929,0.002409927
136,0.002826987,0.002935704
137,0.00281953,0.002835743
138,0.003551303,0.003747873
139,0.002131124,0.002114613
140,0.003516325,0.003465765
141,0.007242419,0.006971512
142,0.001893156,0.002166242
143,0.005882905,0.006383761
144,0.003529907,0.003613026
145,0.004732737,0.004434493
146,0.003912978,0.003755857
147,0.00229014,0.002292193
148,0.002911234,0.002872626
149,0.003846733,0.003707006
150,0.001600317,0.001616182
151,0.002601101,0.00272441
152,0.002453501,0.002672195
153,0.002261207,0.002381839
154,0.003816858,0.003828332
155,0.004673156,0.004511066
156,0.005000728,0.005280179
157,0.003059083,0.00282142
158,0.00610303,0.006011868
159,0.002459828,0.00271839
160,0.004789418,0.004667397
161,0.00463025,0.004964213
162,0.001755828,0.001710394
163,0.001749027,0.00180719
164,0.004208104,0.004165086
165,0.001981624,0.002051065
166,0.003132048,0.003000203
167,0.002319936,0.002212426
168,0.003512968,0.003665683
169,0.00294712,0.003059995
170,0.008032553,0.00691495
171,0.001725933,0.002134274
172,0.001620081,0.001747196
173,0.002447811,0.002361946
174,0.017793084,0.017270608
175,0.002976243,0.0026196
176,0.003060252,0.002833436
177,0.001502509,0.001459851
178,0.003697744,0.003450679
179,0.006091826,0.005894891
180,0.002247084,0.002283478
181,0.001729778,0.001681546
182,0.001187657,0.001166721
183,0.002096317,0.00212144
184,0.003984911,0.003738867
185,0.001770448,0.00165707
186,0.003812043,0.003459465
187,0.001594999,0.001471145
188,0.001811536,0.00189651
189,0.012690751,0.012321251
190,0.007704006,0.007316176
191,0.006488572,0.006146066
192,0.007588841,0.00757099
193,0.00406522,0.003658699
194,0.002099677,0.002317575
195,0.001793575,0.001762778
196,0.012234703,0.012269356
197,0.00958954,0.008981833
198,0.002494047,0.00248847
199,0.00212998,0.002015799
200,0.003428289,0.003192346
201,0.002254381,0.002072664
202,0.00195314,0.001993016
203,0.002856384,0.002564978
204,0.002119258,0.001950206
205,0.002683548,0.002635585
206,0.00248205,0.002273534
207,0.002574643,0.00248062
208,0.001300456,0.001427024
209,0.001762663,0.001548571
210,0.002123886,0.001961631
211,0.003813606,0.003620355
212,0.005206876,0.005263825
213,0.003972923,0.003841765
214,0.008419625,0.007800536
215,0.004215701,0.00381586
216,0.002420465,0.002338609
217,0.007162352,0.006634965
218,0.001712034,0.001750538
219,0.005013703,0.004647306
220,0.001527509,0.001489853
221,0.005977667,0.005413003
222,0.004004858,0.004050497
223,0.001880186,0.001711295
224,0.003329828,0.002969441
225,0.001558932,0.001571219
226,0.002670373,0.002722238
227,0.003108248,0.002995343
228,0.003135304,0.002838984
229,0.003500435,0.003163447
230,0.002330436,0.00228044
231,0.011148144,0.010545367
232,0.003190536,0.002965193
233,0.003874715,0.003223754
234,0.003416199,0.003073303
235,0.002853955,0.002780802
236,0.002859408,0.002747389
237,0.003112548,0.00302017
238,0.002340855,0.002247396
239,0.007468939,0.006445197
240,0.002444445,0.002197671
241,0.002253765,0.002084352
242,0.002563726,0.002551373
243,0.006498927,0.006154933
244,0.00258746,0.002633556
245,0.001913023,0.002017966
246,0.00110194,0.001182385
247,0.017715182,0.017428176
248,0.002684557,0.003040209
249,0.003249215,0.00321972
250,0.002766834,0.003503436
251,0.00807231,0.007318723
252,0.002965915,0.002858941
253,0.003210325,0.003023691
254,0.003930963,0.003707319
255,0.003031648,0.003364749
256,0.00205916,0.002138043
257,0.002124951,0.002197718
258,0.002177788,0.002399238
259,0.001758639,0.001825855
260,0.002694997,0.002769144
261,0.002023345,0.001922527
262,0.002739858,0.002673415
263,0.002533931,0.002473515
264,0.006569992,0.006445044
265,0.001208482,0.001193326
266,0.002092906,0.002426703
267,0.002090911,0.001997276
268,0.006563558,0.005916758
269,0.009429096,0.009235496
270,0.006571033,0.00615418
271,0.00217892,0.002175311
272,0.002150484,0.002130788
273,0.001337883,0.001338503
274,0.005511616,0.005173701
275,0.002094881,0.001834498
276,0.006034739,0.005624639
277,0.007804004,0.007444904
278,0.002901146,0.002960442
279,0.006005361,0.005601661
280,0.002743385,0.002543244
281,0.001782547,0.001713604
282,0.004009474,0.004017922
283,0.006659579,0.00661911
284,0.001577832,0.001481392
285,0.003843854,0.003470635
286,0.001901548,0.001828133
287,0.00245744,0.00224499
288,0.001432108,0.001524763
289,0.002382339,0.002222135
290,0.00171754,0.001916262
291,0.005376945,0.005103651
292,0.006573617,0.005775952
293,0.001475478,0.001374151
294,0.002775302,0.002211448
295,0.00340082,0.003052261
296,0.003309535,0.00320445
297,0.004588002,0.004504201
298,0.002615841,0.00264644
299,0.002170912,0.001917275
300,0.001940799,0.001836903
301,0.001719557,0.001532787
302,0.003040383,0.002723087
303,0.002049105,0.002118225
304,0.002096127,0.002125769
305,0.002705217,0.002365285
306,0.003170683,0.002863424
307,0.001952295,0.00198048
308,0.002120818,0.001862605
309,0.001939033,0.001349676
310,0.00207391,0.001837084
311,0.002227702,0.001895225
312,0.002419471,0.002267347
313,0.001621046,0.001722892
314,0.002174508,0.001963853
315,0.002504715,0.002280218
316,0.007646745,0.006971194
317,0.002456547,0.002563199
318,0.001742912,0.001594411
319,0.001967705,0.001971362
320,0.003767468,0.003342387
321,0.002901112,0.002871748
322,0.001826711,0.001652072
323,0.00491693,0.004261199
324,0.001386608,0.001478253
325,0.002726416,0.002701706
326,0.019391447,0.01687051
327,0.001753363,0.002035709
328,0.002242441,0.0020898
329,0.002930854,0.002730067
330,0.003114489,0.002860681
331,0.00171694,0.001508577
332,0.002875435,0.002716703
333,0.002876567,0.002742369
334,0.001944146,0.001848165
335,0.002529475,0.002353312
336,0.002459955,0.002083824
337,0.001504098,0.00138989
338,0.003449822,0.003487645
339,0.001493068,0.001503016
340,0.002895967,0.003018609
341,0.002474288,0.002250055
342,0.001165405,0.001263996
343,0.002352857,0.002202698
344,0.001987513,0.001886051
345,0.001596417,0.001771156
346,0.002088946,0.002000218
347,0.002900623,0.00286105
348,0.001507823,0.001470753
349,0.002044718,0.001833052
350,0.002489869,0.002323242
351,0.004724926,0.004492275
352,0.00429868,0.003911182
353,0.001942945,0.001744354
354,0.002013889,0.002024017
355,0.002244483,0.002348133
356,0.002208025,0.002015594
357,0.004880103,0.004499423
358,0.003387209,0.003063293
359,0.00382609,0.003503407
360,0.010485291,0.010016327
361,0.002868278,0.002583017
362,0.001568109,0.001488787
363,0.001778952,0.001776422
364,0.005483964,0.004638417
365,0.002416109,0.002421067
366,0.002784348,0.002629315
367,0.002052631,0.001917669
368,0.001824205,0.001764673
369,0.00274023,0.002572289
370,0.001709642,0.001595563
371,0.002188268,0.002040148
372,0.001464883,0.001287744
373,0.002194246,0.00228347
374,0.002624331,0.002559729
375,0.0119227,0.01179587
376,0.002024602,0.001884997
377,0.003752985,0.003163274
378,0.002602041,0.002465202
379,0.002238292,0.002284467
380,0.002532494,0.002234766
381,0.001610281,0.001543432
382,0.002519858,0.002351225
383,0.002269693,0.002231439
384,0.002459284,0.002331233
385,0.011658571,0.011019426
386,0.005694183,0.005815285
387,0.001984785,0.00186792
388,0.005009921,0.005092116
389,0.004731848,0.0041389
390,0.001431034,0.001539207
391,0.00143386,0.001417671
392,0.001606998,0.001518518
393,0.002112239,0.001939076
394,0.003551985,0.003682558
395,0.001127585,0.001438065
396,0.002460347,0.002555684
397,0.002349939,0.002171347
398,0.003828363,0.00342281
399,0.000918193,0.000962408
400,0.002316073,0.002156204
401,0.00213064,0.001986447
402,0.001991783,0.001989409
403,0.001645103,0.001738893
404,0.001611959,0.001576107
405,0.002082963,0.002001002
406,0.002495321,0.002408018
407,0.001345399,0.001386795
408,0.002028439,0.002299176
409,0.001992623,0.001907437
410,0.002568355,0.002327373
411,0.002007504,0.001950331
412,0.002220025,0.001973088
413,0.002655425,0.002284715
414,0.001600173,0.001636025
415,0.003242909,0.003201514
416,0.003004694,0.002599432
417,0.001631298,0.001541168
418,0.002193254,0.002091335
419,0.00224872,0.001990638
420,0.001412455,0.001302975
421,0.003310693,0.002941697
422,0.001666988,0.001779507
423,0.002306449,0.00208082
424,0.001851381,0.001941214
425,0.002023324,0.00202612
426,0.002853556,0.002376603
427,0.004964216,0.004325946
428,0.002428216,0.00220449
429,0.002970392,0.002788933
430,0.006433906,0.005434414
431,0.002833638,0.00282049
432,0.001587913,0.00156551
433,0.001931076,0.001867121
434,0.006884305,0.00620175
435,0.002312043,0.002414443
436,0.001148264,0.001266165
437,0.002309963,0.002006345
438,0.003571156,0.00340842
439,0.004308551,0.00425982
440,0.002091419,0.002065158
441,0.001514523,0.001731267
442,0.001867664,0.001820966
443,0.002278772,0.002209092
444,0.001324711,0.001486753
445,0.002212039,0.002103461
446,0.008476536,0.007700644
447,0.00181473,0.00183654
448,0.001830486,0.001803995
449,0.002248091,0.0021084
450,0.003738021,0.003590886
451,0.002298484,0.002446148
452,0.002157214,0.002177327
453,0.001989515,0.001869701
454,0.001759751,0.001697295
455,0.008381753,0.008349718
456,0.017781697,0.015481538
457,0.002321668,0.002368693
458,0.002054997,0.001972777
459,0.001497596,0.001526762
460,0.002517917,0.002543315
461,0.001638892,0.001553967
462,0.001823368,0.001795465
463,0.002089531,0.002000952
464,0.002136013,0.002370463
465,0.001319079,0.001331429
466,0.001635713,0.001452267
467,0.00174403,0.001743761
468,0.001843682,0.001541646
469,0.003550527,0.003520665
470,0.003096167,0.002988065
471,0.001942537,0.001921573
472,0.00174993,0.001640129
473,0.007318223,0.006512981
474,0.003821433,0.003812398
475,0.001327124,0.001280911
476,0.001993945,0.001954993
477,0.013826464,0.012676487
478,0.006753881,0.006755795
479,0.002112505,0.002088809
480,0.002922087,0.002678728
481,0.001630049,0.001730712
482,0.004808325,0.00482085
483,0.001106041,0.001360546
484,0.002543671,0.002516037
485,0.002470964,0.002723034
486,0.002021394,0.001970773
487,0.002149458,0.002179629
488,0.002197219,0.002033109
489,0.004101519,0.004019144
490,0.002365519,0.002250584
491,0.002076348,0.002104115
492,0.004882864,0.004839925
493,0.001781547,0.0018647
494,0.001361487,0.001354352
495,0.005480168,0.005750939
496,0.002736967,0.002993252
497,0.003871294,0.003535475
498,0.001624647,0.001504607
499,0.001649744,0.001547116
500,0.002070799,0.002100365
501,0.002003201,0.002076737
502,0.001486466,0.001508377
503,0.002545058,0.002485332
504,0.00177572,0.001513851
505,0.004572459,0.004217554
506,0.002408673,0.002320588
507,0.001705581,0.001626509
508,0.001797146,0.001718188
509,0.002533971,0.002443401
510,0.001237953,0.001165003
511,0.00282132,0.002757419
512,0.002818231,0.002865122
513,0.001286791,0.001281373
514,0.002403654,0.002354905
515,0.002353857,0.002306433
516,0.001659972,0.001653155
517,0.002765768,0.002436069
518,0.00175274,0.001723717
519,0.002253044,0.002168867
520,0.001868884,0.001851494
521,0.001270196,0.0013294
522,0.001605751,0.001333957
523,0.001920455,0.001832427
524,0.002594655,0.002313571
525,0.001936901,0.002128298
526,0.001829038,0.001783734
527,0.001459364,0.001444332
528,0.001875836,0.001751686
529,0.002571775,0.002334064
530,0.002341647,0.00237227
531,0.002658057,0.002590735
532,0.00365364,0.003628398
533,0.003454042,0.002788312
534,0.001749666,0.001685387
535,0.002722572,0.002416155
536,0.005029987,0.004384032
537,0.00196059,0.00194104
538,0.001540615,0.001626233
539,0.001867167,0.001803293
540,0.011447274,0.011093345
541,0.002183904,0.00203259
542,0.002365456,0.002020568
543,0.001584832,0.001479779
544,0.00176514,0.001718749
545,0.00220948,0.002135732
546,0.002220483,0.002221401
547,0.002362556,0.002415264
548,0.002235944,0.002247877
549,0.001610048,0.001535546
550,0.002184101,0.002010542
551,0.001178403,0.001110002
552,0.002306529,0.002141113
553,0.001611689,0.001610798
554,0.001899799,0.001755056
555,0.001516429,0.001437522
556,0.001548174,0.001518063
557,0.001562104,0.001414489
558,0.001195687,0.001166729
559,0.002104658,0.002104635
560,0.007201867,0.005916515
561,0.001700093,0.001523608
562,0.000506492,0.000557607
563,0.032751746,0.031432528
564,0.017257841,0.017291307
565,0.008797504,0.008528631
566,0.010991935,0.0106244
567,0.015688147,0.015667008
568,0.038302097,0.035128694
569,0.033741739,0.031509541
570,0.023584617,0.023396662
571,0.013703573,0.013740032
572,0.046930403,0.046252392
573,0.040775012,0.03947407
574,0.013310662,0.013147161
575,0.053714003,0.051916651
576,0.011232096,0.011214663
577,0.025282811,0.023801073
578,0.041235894,0.040837195
579,0.027703365,0.027588459
580,0.032106917,0.030442076
581,0.045012642,0.042364161
582,0.012448571,0.012615493
583,0.010182469,0.010773653
584,0.029136173,0.028748747
585,0.020484168,0.019474072
586,0.036714155,0.036425907
587,0.02491723,0.023729613
588,0.026263686,0.027205953
589,0.014530121,0.014836589
590,0.01837042,0.017569775
591,0.029294113,0.026756393
592,0.045610845,0.044525523
593,0.042263113,0.040745195
594,0.029948108,0.028047653
595,0.029827958,0.028253956
596,0.013528943,0.013664554
597,0.030253533,0.028337589
598,0.025645005,0.022723064
599,0.007500221,0.007175664
600,0.037324201,0.035915215
601,0.012623418,0.010628388
602,0.01153458,0.010503268
603,0.016744155,0.014701842
604,0.028741995,0.027449813
605,0.022976514,0.020458747
606,0.037267283,0.033233553
607,0.050186053,0.045165766
608,0.009104696,0.008538917
609,0.020909999,0.020266568
610,0.028922047,0.027393242
611,0.018635424,0.017197765
612,0.039257728,0.035821091
613,0.042300064,0.038156804
614,0.030101798,0.026194466
615,0.035568319,0.031638186
616,0.016150076,0.015646847
617,0.02396626,0.023778601
618,0.015344271,0.014894301
619,0.048448056,0.04320081
620,0.049624927,0.045191485
621,0.039171088,0.035710294
622,0.037647504,0.033294924
623,0.012957423,0.01113816
624,0.021060936,0.019489195
625,0.027162245,0.023088591
626,0.015912738,0.014179171
627,0.035942245,0.032719795
628,0.024082208,0.021339001
629,0.013348799,0.011944484
630,0.029295009,0.025619606
631,0.014244296,0.013205719
632,0.028948268,0.025939822
633,0.020550739,0.017525604
634,0.029429384,0.026422856
635,0.014559585,0.013915567
636,0.006529831,0.006212601
637,0.025225496,0.0219562
638,0.037742961,0.030509802
639,0.009625841,0.008980069
640,0.009051129,0.008282901
641,0.020475617,0.018034941
642,0.00944064,0.008374183
643,0.01686934,0.014583264
644,0.031848982,0.027268324
645,0.021936432,0.017329274
646,0.012419179,0.011539586
647,0.016845543,0.01571746
648,0.034509309,0.028155176
649,0.04145718,0.032427095
650,0.013567883,0.012930771
651,0.016482966,0.013728045
652,0.028543454,0.025947696
653,0.02487793,0.020291405
654,0.039890651,0.032209985
655,0.024190774,0.020478539
656,0.028119324,0.021418886
657,0.028020239,0.023520527
658,0.003901197,0.003566635
659,0.031451661,0.026023993
660,0.025912894,0.021366296
661,0.022374691,0.016868794
662,0.033643465,0.031053964
663,0.019692939,0.018566536
664,0.011786759,0.009698312
665,0.018313235,0.016457304
666,0.008103981,0.007153954
667,0.015216036,0.012927531
668,0.024354104,0.021461645
669,0.032573134,0.022084948
670,0.022401411,0.015737129
671,0.030156625,0.026677949
672,0.028514007,0.023871111
673,0.018085958,0.011956194
674,0.012381518,0.011981264
675,0.021171102,0.017115161
676,0.033568177,0.02426596
677,0.019062078,0.014440659
678,0.008183636,0.007311815
679,0.011656644,0.010875572
680,0.019913075,0.015255007
681,0.019256016,0.015624483
682,0.026580431,0.020453943
683,0.018549871,0.017036302
684,0.036896881,0.025296116
685,0.031888478,0.024744794
686,0.016280683,0.013717676
687,0.017005462,0.01193747
688,0.013780447,0.011876573
689,0.017127665,0.013082523
690,0.017144691,0.01348286
691,0.025830645,0.018708585
692,0.017609861,0.012928293
693,0.014952484,0.012835386
694,0.019193877,0.016601369
695,0.010085462,0.009227124
696,0.008984672,0.008853849
697,0.018614704,0.013528463
698,0.02906259,0.019054977
699,0.025170978,0.020323912
700,0.019648226,0.01379878
701,0.009478061,0.008471292
702,0.027879734,0.023474254
703,0.011250849,0.009448217
704,0.011609653,0.010400684
705,0.02045978,0.015794972
706,0.025758201,0.020985914
707,0.032207109,0.025368724
708,0.015299262,0.010687688
709,0.025581749,0.017747786
710,0.009362855,0.007836773
711,0.025805708,0.019150335
712,0.031559553,0.023957511
713,0.027430365,0.019291257
714,0.019396337,0.017642446
715,0.019693786,0.01451816
716,0.020357361,0.014732176
717,0.029602597,0.020725863
718,0.021630403,0.01718585
719,0.027208453,0.016564624
720,0.022358172,0.016259942
721,0.01741311,0.015211087
722,0.006951443,0.005847906
723,0.012376099,0.010735493
724,0.01866403,0.013919724
725,0.022966279,0.018630974
726,0.017194957,0.012339166
727,0.011873113,0.009231269
728,0.011013976,0.008956833
729,0.019100102,0.014724578
730,0.012278456,0.011464252
731,0.021137938,0.014891004
732,0.023129893,0.015757384
733,0.005548848,0.004684323
734,0.023918768,0.020187851
735,0.019624725,0.013999084
736,0.023121936,0.018941788
737,0.02354075,0.019006656
738,0.017475832,0.014758475
739,0.011609653,0.009269088
740,0.008611057,0.008523883
741,0.007376379,0.00677698
742,0.01258259,0.010104079
743,0.020119894,0.018250609
744,0.009580435,0.008387752
745,0.018763196,0.016923539
746,0.022706494,0.018167995
747,0.012869406,0.011407088
748,0.00659012,0.005650081
749,0.010929499,0.010474663
750,0.00888408,0.007842595
751,0.017979465,0.012082621
752,0.009420679,0.008377274
753,0.020509169,0.014824176
754,0.033231005,0.027740153
755,0.026758257,0.022733429
756,0.006658025,0.005681925
757,0.013051417,0.009839017
758,0.018602325,0.013603176
759,0.014556279,0.009432353
760,0.01677705,0.013691669
761,0.049021583,0.039421733
762,0.009925055,0.007458841
763,0.011169356,0.007636171
764,0.015618413,0.010630142
765,0.05031006,0.037712865
766,0.031258687,0.022092771
767,0.020395456,0.015141889
768,0.014994888,0.01071568
769,0.010492013,0.009503673
770,0.010059875,0.009072849
771,0.021286597,0.018410301
772,0.019982304,0.015710928
773,0.013647965,0.011212426
774,0.022363571,0.018258432
775,0.007461784,0.006356904
776,0.028406952,0.022768846
777,0.018445188,0.012064802
778,0.016171034,0.014867987
779,0.023162752,0.019859813
780,0.030527387,0.026518874
781,0.012581065,0.010629927
782,0.029693795,0.02492065
783,0.027720507,0.02478441
784,0.025278494,0.022588372
785,0.0043207,0.003856476
786,0.025251521,0.01897097
787,0.016692793,0.012115831
788,0.007032735,0.005571198
789,0.017653774,0.015879696
790,0.013209657,0.01158211
791,0.013514875,0.012148567
792,0.005491022,0.004495757
793,0.033762954,0.024235664
794,0.02243826,0.019475896
795,0.018837748,0.013992211
796,0.013155057,0.010710491
797,0.025978005,0.018301738
798,0.024249446,0.01973805
799,0.010418949,0.007695579
800,0.023312248,0.021096895
801,0.024664361,0.017401176
802,0.014737487,0.011023257
803,0.023273114,0.019146757
804,0.015455738,0.01172275
805,0.018118102,0.015408457
806,0.007875715,0.006613979
807,0.016850516,0.014955784
808,0.016524481,0.011700769
809,0.018793819,0.015727248
810,0.018604876,0.014095382
811,0.02321104,0.017282901
812,0.003599016,0.00301382
813,0.022770315,0.016050858
814,0.00512446,0.004114844
815,0.008768472,0.007280791
816,0.005897919,0.00513601
817,0.016554451,0.013539611
818,0.007154859,0.006596544
819,0.014418059,0.012744549
820,0.00649915,0.005350775
821,0.023561105,0.01673108
822,0.025195966,0.016721994
823,0.011038546,0.008763359
824,0.008746005,0.008103545
825,0.01004286,0.007754402
826,0.011173681,0.007978717
827,0.01893992,0.013594753
828,0.014815976,0.010883823
829,0.014775036,0.011118425
830,0.01673723,0.013855726
831,0.018441001,0.016629837
832,0.019746736,0.016456084
833,0.022774888,0.020363741
834,0.017384687,0.014759435
835,0.009572265,0.008338717
836,0.011104517,0.0094688
837,0.011783651,0.010330861
838,0.010207373,0.009319913
839,0.009001582,0.007005642
840,0.011381963,0.009409844
841,0.023635445,0.017845139
842,0.010397387,0.009890164
843,0.006771625,0.006027626
844,0.014244871,0.013542189
845,0.042399228,0.031337954
846,0.009430266,0.008358558
847,0.015351589,0.013301269
848,0.009100543,0.007620154
849,0.019382654,0.014622567
850,0.015434057,0.014404343
851,0.007765718,0.006961247
852,0.020799575,0.015826695
853,0.031485096,0.022952553
854,0.018646624,0.015264134
855,0.023884345,0.018718993
856,0.009948412,0.00873266
857,0.013638793,0.012188396
858,0.014545299,0.01082171
859,0.018172942,0.014802558
860,0.029716562,0.023176793
861,0.033395771,0.026444685
862,0.011589767,0.00981636
863,0.019980589,0.015827229
864,0.004056367,0.003563613
865,0.008205595,0.006908638
866,0.016755369,0.012710217
867,0.008507063,0.007671146
868,0.027773838,0.023062227
869,0.019189566,0.014918658
870,0.014619746,0.011762009
871,0.020533368,0.014560947
872,0.018543554,0.015224479
873,0.014769987,0.013101851
874,0.019333746,0.015934108
875,0.00986167,0.007735325
876,0.022594204,0.020062972
877,0.010953979,0.010068168
878,0.014676352,0.012110452
879,0.018997382,0.014801989
880,0.018281465,0.012572786
881,0.005548613,0.0051251
882,0.014401065,0.01218299
883,0.015448447,0.012637789
884,0.008130207,0.00694864
885,0.025355753,0.022626009
886,0.009888067,0.00953055
887,0.037699267,0.033331681
888,0.01098814,0.008827407
889,0.005330749,0.004923726
890,0.008440971,0.007446192
891,0.006057327,0.005546337
892,0.028947368,0.02502339
893,0.029751925,0.024413066
894,0.016622119,0.013044408
895,0.006945761,0.006314185
896,0.009978957,0.008990447
897,0.016342387,0.013393519
898,0.01482932,0.012619328
899,0.021384988,0.018353833
900,0.004589164,0.004008401
901,0.022941731,0.016645711
902,0.017556801,0.01515527
903,0.008469963,0.007233386
904,0.036822159,0.027589519
905,0.022306904,0.01886238
906,0.00857243,0.007329453
907,0.018408744,0.016433092
908,0.010354269,0.009284938
909,0.021870201,0.02038517
910,0.022805309,0.018671611
911,0.010340214,0.009488218
912,0.01282479,0.010741107
913,0.011554711,0.010395668
914,0.012820414,0.011392429
915,0.016624395,0.014261549
916,0.014959863,0.01365718
917,0.011767872,0.010990771
918,0.016456161,0.013158945
919,0.019054879,0.016817767
920,0.007901152,0.006991086
921,0.009631267,0.008679192
922,0.011294086,0.010008001
923,0.008652827,0.007675321
924,0.014147266,0.010985293
925,0.022770338,0.01851923
926,0.017526494,0.015055091
927,0.029071404,0.026794156
928,0.015881993,0.013311798
929,0.009378877,0.00864365
930,0.011483546,0.010298698
931,0.026087662,0.022714306
932,0.023012334,0.020766361
933,0.018850014,0.015846852
934,0.007848721,0.00684496
935,0.013165366,0.012577891
936,0.006134701,0.00606035
937,0.013171029,0.010907564
938,0.004981959,0.004593832
939,0.019268189,0.016059989
940,0.009208485,0.007970653
941,0.009186537,0.007820814
942,0.011840558,0.010207104
943,0.021640206,0.019320836
944,0.017339954,0.014886306
945,0.01382065,0.011454169
946,0.025341166,0.022298593
947,0.015431291,0.014812358
948,0.012843014,0.012173664
949,0.021871302,0.018129651
950,0.026033329,0.021741435
951,0.011565381,0.010217281
952,0.006162438,0.005756759
953,0.005848852,0.005106542
954,0.011146722,0.009887565
955,0.009721444,0.008445626
956,0.028506534,0.024345471
957,0.013048871,0.01191608
958,0.008785496,0.0076503
959,0.034030762,0.028775597
960,0.014709581,0.012769849
961,0.024390316,0.018847503
962,0.01102531,0.009691431
963,0.011692223,0.011078677
964,0.008015324,0.006555593
965,0.013866542,0.011200529
966,0.032753114,0.027314665
967,0.010066607,0.008695749
968,0.011020301,0.009731678
969,0.004641595,0.00386785
970,0.006806135,0.005416982
971,0.022545716,0.018780705
972,0.004362771,0.003735205
973,0.005758096,0.004668418
974,0.007411088,0.007107592
975,0.020846548,0.016807484
976,0.017288461,0.013891781
977,0.012164073,0.01008103
978,0.024763262,0.020937782
979,0.013023762,0.010789501
980,0.012132384,0.009843932
981,0.015266211,0.014014806
982,0.013198463,0.010858833
983,0.004001246,0.003749583
984,0.016163418,0.013628807
985,0.00695277,0.006504422
986,0.009203508,0.008406654
987,0.015662283,0.014568158
988,0.017123349,0.014367378
989,0.019722644,0.015803387
990,0.025211399,0.020003423
991,0.013856076,0.011266657
992,0.025558308,0.022273071
993,0.014276003,0.011120324
994,0.011406711,0.010636492
995,0.018268943,0.018974278
996,0.008951011,0.00778951
997,0.012900834,0.01093863
998,0.012420851,0.010502507
999,0.030795911,0.024862316
1000,0.021733275,0.018936757
1001,0.010715639,0.010009777
1002,0.020484958,0.019219926
1003,0.019361908,0.015662871
1004,0.009347137,0.008356951
1005,0.005256213,0.004622719
1006,0.01791309,0.015391653
1007,0.007485827,0.006678964
1008,0.010861792,0.009757256
1009,0.017646361,0.012855486
1010,0.008868734,0.007886461
1011,0.014213117,0.011110342
1012,0.022495097,0.019236933
1013,0.013980536,0.012714551
1014,0.015469912,0.013546683
1015,0.035954386,0.030327372
1016,0.017044937,0.013963962
1017,0.008996402,0.00815626
1018,0.017892506,0.015780004
1019,0.015761361,0.01426204
1020,0.011833554,0.009627272
1021,0.009584191,0.008503587
1022,0.006692104,0.005260684
1023,0.015804362,0.013529242
1024,0.014251472,0.013288425
1025,0.016371923,0.014865111
1026,0.011520012,0.009092685
1027,0.009135094,0.007804864
1028,0.01070438,0.008815085
1029,0.009510776,0.008387554
1030,0.027245035,0.022666676
1031,0.012456656,0.010763518
1032,0.012787636,0.011553223
1033,0.014157528,0.011919205
1034,0.005315258,0.004741032
1035,0.013341717,0.010249035
1036,0.029158337,0.025253698
1037,0.006133961,0.005577859
1038,0.01192561,0.010528095
1039,0.01160043,0.009388485
1040,0.019015351,0.017502565
1041,0.031316444,0.028764572
1042,0.006000877,0.005088988
1043,0.017314631,0.014607204
1044,0.009430084,0.008342557
1045,0.010897138,0.009931064
1046,0.006197192,0.005117094
1047,0.031338632,0.026126374
1048,0.006753388,0.006597099
1049,0.023395333,0.020145029
1050,0.012231363,0.010575259
1051,0.019769067,0.015415846
1052,0.013991036,0.011460807
1053,0.011254775,0.009378395
1054,0.009928389,0.009515311
1055,0.007379658,0.007155846
1056,0.0087869,0.007509532
1057,0.01497245,0.014449771
1058,0.021413231,0.017758638
1059,0.030224051,0.025154775
1060,0.024351822,0.019422427
1061,0.011456895,0.010306604
1062,0.011935015,0.009995966
1063,0.009541547,0.008594008
1064,0.00905579,0.008401178
1065,0.020328529,0.016385542
1066,0.015458536,0.013216006
1067,0.006309498,0.005668621
1068,0.010497837,0.008734708
1069,0.01288518,0.011212789
1070,0.009244857,0.008386521
1071,0.013047228,0.011344356
1072,0.025586678,0.02115641
1073,0.010152427,0.009741749
1074,0.01521337,0.013861467
1075,0.030526286,0.024233961
1076,0.011178272,0.010687754
1077,0.026085461,0.02224444
1078,0.00786175,0.006914471
1079,0.020984279,0.01714794
1080,0.01538498,0.014187544
1081,0.008830674,0.006973158
1082,0.009783013,0.008481952
1083,0.012686441,0.010376169
1084,0.008026781,0.00664132
1085,0.014992409,0.013673815
1086,0.023691423,0.0212713
1087,0.016131504,0.013177272
1088,0.011498899,0.009938669
1089,0.017330999,0.013877449
1090,0.011601827,0.010363536
1091,0.028059341,0.022070386
1092,0.012981757,0.010111176
1093,0.010636923,0.00951009
1094,0.011216555,0.009965018
1095,0.006639286,0.00598723
1096,0.009917852,0.008894189
1097,0.016262969,0.012740211
1098,0.014527548,0.011750392
1099,0.005626047,0.005297554
1100,0.00904016,0.008067296
1101,0.01170622,0.00996361
1102,0.017957661,0.01461105
1103,0.00790856,0.007004278
1104,0.013142608,0.009803852
1105,0.005052455,0.0046437
1106,0.006260359,0.005281736
1107,0.012008325,0.010309684
1108,0.008719477,0.007327616
1109,0.024229659,0.019739628
1110,0.010488,0.009410763
1111,0.023511697,0.019953195
1112,0.02201283,0.018402047
1113,0.016222129,0.0131424
1114,0.016115144,0.01326008
1115,0.018962692,0.01775817
1116,0.00439775,0.003663951
1117,0.010432818,0.008791412
1118,0.007646872,0.006649973
1119,0.006323452,0.006129025
1120,0.007259929,0.006501979
1121,0.010950575,0.009510468
1122,0.008296235,0.00718265
1123,0.014480052,0.01202748
1124,0.010965846,0.008898408
1125,0.007845649,0.006232108
1126,0.002631508,0.003136937
1127,0.003198885,0.003206455
1128,0.001264794,0.001624962
1129,0.001851252,0.001945384
1130,0.001666252,0.001825255
1131,0.004857505,0.004928032
1132,0.001811667,0.001755856
1133,0.001966945,0.002087632
1134,0.003291286,0.003583992
1135,0.02599146,0.02574129
1136,0.001691086,0.001984154
1137,0.016836338,0.016332861
1138,0.005074061,0.005578556
1139,0.005112413,0.005509027
1140,0.017650127,0.016556654
1141,0.002244862,0.002432736
1142,0.002584004,0.002665999
1143,0.002371558,0.002678047
1144,0.001466298,0.001577594
1145,0.015944047,0.014261616
1146,0.001409732,0.001468404
1147,0.001340489,0.001383955
1148,0.001430292,0.0014921
1149,0.002764138,0.002862971
1150,0.001934783,0.001718154
1151,0.001618255,0.001710052
1152,0.001557227,0.001540301
1153,0.002956009,0.003208943
1154,0.001960967,0.002001
1155,0.003315526,0.003411432
1156,0.002249266,0.002394617
1157,0.001519981,0.001574064
1158,0.001425618,0.001519719
1159,0.001902169,0.001968252
1160,0.002679734,0.002767982
1161,0.001821007,0.00174226
1162,0.02077488,0.020656047
1163,0.001797761,0.001579852
1164,0.010136702,0.009796853
1165,0.00635151,0.006650196
1166,0.001722915,0.001809383
1167,0.001356931,0.001495042
1168,0.004659708,0.005446026
1169,0.001856069,0.001924434
1170,0.001712008,0.001696988
1171,0.001364445,0.0015304
1172,0.001266604,0.001680858
1173,0.0012098,0.001346061
1174,0.001318417,0.001559686
1175,0.003401596,0.003346033
1176,0.002376636,0.002439117
1177,0.002775937,0.002929491
1178,0.001438795,0.001425904
1179,0.003330986,0.003034245
1180,0.001279954,0.001373862
1181,0.000880428,0.001078208
1182,0.003073634,0.003214899
1183,0.001104385,0.001160141
1184,0.001588781,0.001851796
1185,0.001663849,0.001768654
1186,0.018763186,0.016669203
1187,0.001752499,0.001938164
1188,0.001832595,0.002074728
1189,0.003237232,0.003144835
1190,0.001140676,0.001450832
1191,0.002035452,0.002107634
1192,0.002769739,0.002668897
1193,0.001745431,0.001995588
1194,0.002229327,0.002446446
1195,0.003255392,0.003338658
1196,0.00159538,0.001655173
1197,0.00164172,0.001723209
1198,0.001046531,0.001196985
1199,0.003126416,0.003278287
1200,0.00263433,0.002564715
1201,0.005077484,0.004949819
1202,0.001367549,0.001403623
1203,0.002171509,0.002436138
1204,0.001630003,0.001746426
1205,0.001256288,0.001144012
1206,0.001124262,0.001254091
1207,0.001197932,0.001270768
1208,0.020994261,0.019518314
1209,0.001963316,0.001701332
1210,0.0019744,0.002176446
1211,0.00131502,0.001750444
1212,0.001369364,0.001408671
1213,0.00882843,0.008973848
1214,0.00136173,0.001597919
1215,0.001618399,0.001851423
1216,0.001008714,0.001208171
1217,0.001251768,0.001240603
1218,0.002558745,0.00263
1219,0.001489343,0.001673531
1220,0.00185474,0.001629398
1221,0.00648719,0.006427834
1222,0.001929269,0.00203908
1223,0.001151768,0.001246563
1224,0.002342853,0.00236854
1225,0.001585489,0.001755516
1226,0.001312519,0.001356718
1227,0.002393277,0.002255787
1228,0.003459709,0.00325144
1229,0.001353814,0.001280318
1230,0.003782662,0.003941239
1231,0.001138904,0.001258565
1232,0.008746089,0.008786237
1233,0.00185238,0.001991182
1234,0.002160013,0.002140656
1235,0.004884711,0.00484774
1236,0.001589793,0.001581272
1237,0.00145424,0.00132689
1238,0.006313624,0.006238757
1239,0.001438548,0.00145533
1240,0.001486354,0.001268657
1241,0.001251775,0.001289407
1242,0.004522013,0.004422399
1243,0.00131694,0.001198613
1244,0.001897962,0.001925316
1245,0.001937745,0.00211611
1246,0.008373332,0.00848627
1247,0.001197684,0.001119538
1248,0.002644686,0.002622157
1249,0.001196837,0.00118696
1250,0.001080187,0.0011732
1251,0.001340276,0.001298652
1252,0.001118211,0.001027296
1253,0.001312043,0.001372606
1254,0.00251373,0.002431364
1255,0.001107921,0.000984581
1256,0.001129346,0.001070257
1257,0.00709008,0.00711033
1258,0.01900317,0.015670922
1259,0.0045053,0.004507273
1260,0.006311733,0.006226102
1261,0.001073339,0.001256038
1262,0.001022988,0.00106793
1263,0.000987734,0.00102557
1264,0.001289163,0.001222706
1265,0.000966404,0.001046904
1266,0.001083944,0.001171997
1267,0.001374438,0.001361995
1268,0.00297528,0.002673013
1269,0.001839578,0.00177824
1270,0.001389838,0.001225318
1271,0.009477352,0.009300817
1272,0.002366778,0.002357168
1273,0.001815414,0.00162943
1274,0.007484913,0.007632917
1275,0.002500051,0.002492516
1276,0.00176373,0.001625053
1277,0.00177222,0.001467203
1278,0.001615826,0.001555895
1279,0.000894448,0.000952067
1280,0.002366391,0.002214881
1281,0.001143336,0.00112313
1282,0.016242428,0.014216724
1283,0.001077987,0.000969067
1284,0.00134685,0.001375105
1285,0.001088579,0.001111608
1286,0.002449741,0.002243965
1287,0.0020001,0.001986958
1288,0.001369329,0.001421797
1289,0.002735801,0.002506425
1290,0.001248377,0.001183257
1291,0.001346526,0.00132079
1292,0.001252284,0.001222159
1293,0.001191569,0.001111017
1294,0.003105992,0.00312199
1295,0.021431604,0.020306431
1296,0.0016405,0.001649522
1297,0.002088076,0.001978606
1298,0.001795448,0.001819361
1299,0.018866971,0.015173578
1300,0.008321083,0.00832549
1301,0.001800146,0.001775125
1302,0.000925032,0.000899915
1303,0.001407148,0.001374484
1304,0.002530113,0.002521861
1305,0.010412768,0.010071256
1306,0.001052368,0.001061942
1307,0.001418589,0.001556232
1308,0.00275863,0.002562222
1309,0.001809093,0.001947472
1310,0.00270002,0.002718483
1311,0.001196452,0.001260274
1312,0.000930492,0.001096609
1313,0.001411704,0.001486033
1314,0.000988254,0.001116426
1315,0.001151083,0.001211318
1316,0.003529969,0.003566273
1317,0.005533739,0.004227838
1318,0.001316851,0.001353649
1319,0.001727674,0.001789247
1320,0.001840733,0.00191682
1321,0.002037624,0.002215845
1322,0.001795663,0.001864488
1323,0.002543865,0.002445582
1324,0.001424185,0.00156415
1325,0.001201524,0.00126089
1326,0.005796586,0.005435016
1327,0.002042104,0.002200819
1328,0.001147879,0.001285769
1329,0.00116886,0.001187286
1330,0.001227254,0.001306421
1331,0.001811354,0.00179339
1332,0.001090073,0.001117217
1333,0.001001863,0.000973826
1334,0.001552284,0.001597246
1335,0.001328956,0.001453697
1336,0.017572427,0.014885986
1337,0.001339506,0.001371141
1338,0.00080496,0.00096076
1339,0.000992807,0.001017717
1340,0.001662874,0.001653693
1341,0.001540228,0.001231756
1342,0.001103768,0.001084177
1343,0.002167584,0.00204414
1344,0.000997853,0.001063698
1345,0.001060253,0.001028421
1346,0.001099265,0.001106316
1347,0.001210326,0.001136643
1348,0.002832104,0.002539776
1349,0.002051208,0.002078492
1350,0.001357931,0.001398294
1351,0.001087181,0.001149553
1352,0.001139734,0.001059252
1353,0.000753434,0.000793912
1354,0.003124566,0.003245758
1355,0.001618517,0.001621997
1356,0.001443138,0.001380489
1357,0.000905932,0.000881181
1358,0.001172099,0.001397601
1359,0.001061083,0.00102835
1360,0.003521457,0.003370218
1361,0.000720415,0.00081876
1362,0.002419217,0.002325449
1363,0.002610497,0.00238014
1364,0.001025234,0.000993548
1365,0.001501896,0.001397707
1366,0.00149083,0.001444217
1367,0.002254868,0.002198299
1368,0.002961254,0.002715921
1369,0.001115176,0.001198194
1370,0.001077677,0.001146729
1371,0.001559816,0.001707502
1372,0.001228379,0.001324881
1373,0.001366678,0.001316348
1374,0.002847165,0.002802294
1375,0.000899405,0.000964699
1376,0.001534811,0.001556406
1377,0.001224725,0.001274577
1378,0.001369434,0.001304623
1379,0.001033522,0.001048931
1380,0.001208134,0.001436751
1381,0.001024571,0.001048954
1382,0.001192366,0.001238838
1383,0.001461997,0.001474055
1384,0.001559561,0.001587468
1385,0.001011851,0.001122957
1386,0.001007388,0.001070717
1387,0.001203186,0.001211455
1388,0.004447779,0.0043431
1389,0.001498225,0.001472621
1390,0.010639696,0.010670252
1391,0.002271236,0.002445339
1392,0.002262299,0.002356484
1393,0.000899513,0.000945739
1394,0.018775694,0.015114012
1395,0.014741242,0.014695205
1396,0.007424856,0.007874307
1397,0.001190866,0.001316729
1398,0.001415558,0.001487984
1399,0.000928271,0.00098919
1400,0.001302556,0.001328255
1401,0.002238508,0.002382222
1402,0.001687728,0.001271194
1403,0.002578083,0.002621816
1404,0.001026309,0.001044383
1405,0.0086176,0.00841788
1406,0.001580756,0.001338638
1407,0.001035555,0.00096044
1408,0.007853994,0.007559321
1409,0.007649172,0.007316294
1410,0.001227306,0.001240299
1411,0.00085689,0.000939836
1412,0.022189008,0.020034766
1413,0.00515858,0.005024143
1414,0.002801006,0.002733584
1415,0.001008114,0.001017872
1416,0.001043987,0.000978953
1417,0.001059104,0.001086564
1418,0.001202772,0.001250864
1419,0.001838105,0.001667336
1420,0.001412167,0.001224692
1421,0.003076524,0.002981059
1422,0.000983191,0.000926748
1423,0.004420296,0.004593185
1424,0.002729458,0.00271275
1425,0.001598866,0.001488708
1426,0.00181551,0.001728191
1427,0.024468634,0.024034562
1428,0.002025513,0.002099581
1429,0.001230138,0.001327815
1430,0.001101024,0.001249289
1431,0.015243824,0.013025903
1432,0.002092927,0.001900348
1433,0.002184213,0.0021483
1434,0.003872357,0.003740325
1435,0.000737753,0.000843234
1436,0.001050651,0.001064618
1437,0.01902397,0.015286195
1438,0.00131664,0.001353587
1439,0.007317974,0.007504525
1440,0.00135504,0.001451716
1441,0.001779597,0.001956554
1442,0.002373502,0.002380409
1443,0.001938773,0.001877106
1444,0.002213021,0.002108288
1445,0.001167381,0.001264596
1446,0.000990993,0.001132527
1447,0.001025417,0.001197088
1448,0.001271483,0.00126708
1449,0.001332883,0.001261304
1450,0.00117452,0.001261415
1451,0.002691171,0.002483119
1452,0.004337838,0.003925147
1453,0.002075482,0.001870492
1454,0.003950542,0.004135425
1455,0.001704447,0.001584218
1456,0.002153321,0.001550404
1457,0.00093783,0.000969426
1458,0.001654098,0.00142919
1459,0.001547373,0.001538825
1460,0.001337536,0.001240415
1461,0.001069115,0.001065146
1462,0.001032801,0.001135147
1463,0.003522817,0.002593509
1464,0.001109201,0.000925489
1465,0.001535979,0.001449442
1466,0.001600041,0.001263742
1467,0.001494844,0.001382572
1468,0.002275576,0.002117238
1469,0.001163328,0.001304419
1470,0.001147315,0.001146893
1471,0.002608344,0.002509419
1472,0.002388758,0.002377517
1473,0.005825038,0.005757722
1474,0.002626174,0.002563043
1475,0.001222186,0.001109022
1476,0.001255166,0.001242473
1477,0.001418315,0.001566446
1478,0.001083633,0.001153834
1479,0.001636413,0.001557132
1480,0.000719071,0.00075517
1481,0.001510269,0.001483039
1482,0.0040721,0.004128101
1483,0.01282908,0.012642822
1484,0.000851126,0.000816429
1485,0.000996371,0.001019731
1486,0.000890524,0.000944212
1487,0.001314593,0.001251445
1488,0.003177469,0.003063962
1489,0.004269205,0.004336287
1490,0.001082068,0.001182405
1491,0.003612473,0.003374443
1492,0.001321727,0.001232897
1493,0.002173131,0.002142724
1494,0.008130078,0.008007909
1495,0.00220277,0.002289668
1496,0.000674592,0.000776807
1497,0.000987085,0.000986986
1498,0.000933812,0.001033137
1499,0.001345005,0.0013552
1500,0.005617099,0.005155213
1501,0.008034615,0.008097772
1502,0.008298161,0.00810259
1503,0.007719256,0.007889646
1504,0.001596051,0.001615454
1505,0.001409837,0.00142457
1506,0.002040684,0.002118742
1507,0.003482386,0.003865064
1508,0.000752441,0.00083762
1509,0.001915928,0.001735508
1510,0.002380261,0.002441034
1511,0.018005408,0.015022104
1512,0.002517233,0.002449821
1513,0.001424625,0.001607791
1514,0.001104105,0.001170736
1515,0.000734831,0.000789819
1516,0.001411181,0.001446778
1517,0.001060125,0.001146626
1518,0.00126937,0.001285862
1519,0.002236924,0.002017949
1520,0.001558185,0.001517966
1521,0.000778235,0.000805341
1522,0.002145455,0.002315647
1523,0.001007544,0.001086787
1524,0.002852032,0.002933343
1525,0.004739512,0.004672917
1526,0.001553814,0.001367441
1527,0.000980667,0.001072085
1528,0.000992984,0.001020672
1529,0.002160982,0.002163731
1530,0.017694324,0.014434196
1531,0.001009495,0.001032069
1532,0.001353376,0.001386544
1533,0.001728618,0.001627998
1534,0.00128409,0.001267625
1535,0.001103655,0.00124633
1536,0.010095472,0.009120855
1537,0.001215652,0.001150474
1538,0.021296358,0.017691262
1539,0.003435035,0.003716495
1540,0.004190544,0.003891012
1541,0.001028078,0.001169806
1542,0.001319092,0.001105441
1543,0.001042584,0.001036951
1544,0.001195583,0.001100689
1545,0.001807008,0.001716807
1546,0.002138666,0.002136048
1547,0.00080438,0.000906627
1548,0.001690628,0.001926659
1549,0.001451493,0.001232667
1550,0.001388743,0.001190384
1551,0.001045623,0.001156452
1552,0.001191599,0.001264203
1553,0.001738516,0.001539208
1554,0.001011401,0.001001658
1555,0.001210607,0.001072573
1556,0.001141293,0.00124942
1557,0.001333108,0.001402071
1558,0.000823461,0.000909716
1559,0.001299031,0.001378763
1560,0.001402503,0.001444474
1561,0.001301908,0.00126951
1562,0.001467569,0.001287291
1563,0.001310018,0.001203949
1564,0.001040891,0.001020844
1565,0.002143967,0.002165773
1566,0.001534333,0.001624822
1567,0.001446199,0.001531154
1568,0.015724909,0.0139222
1569,0.000790547,0.000859762
1570,0.007725154,0.007606611
1571,0.00273025,0.002716917
1572,0.001687071,0.001529117
1573,0.000831123,0.00084654
1574,0.000966098,0.001054597
1575,0.00078112,0.000846179
1576,0.002482972,0.002586722
1577,0.000778957,0.000770714
1578,0.001386625,0.001404298
1579,0.002484775,0.002412503
1580,0.003212606,0.003317402
1581,0.015069907,0.014372765
1582,0.001274053,0.001319108
1583,0.001489501,0.00132889
1584,0.001251666,0.00124338
1585,0.001399572,0.00146591
1586,0.002416699,0.002015325
1587,0.001101223,0.00115488
1588,0.013646523,0.011834056
1589,0.006235857,0.005668195
1590,0.001528034,0.001452558
1591,0.002378129,0.002451447
1592,0.002813338,0.003197556
1593,0.001561002,0.001698968
1594,0.002346848,0.002352834
1595,0.002077861,0.002060616
1596,0.001899939,0.001503988
1597,0.001205182,0.001195631
1598,0.000847392,0.000936404
1599,0.002995078,0.003102994
1600,0.003722747,0.003681955
1601,0.000877702,0.000923924
1602,0.008344484,0.007818162
1603,0.000792599,0.000867058
1604,0.000915335,0.000969737
1605,0.001758873,0.001896464
1606,0.000945211,0.000945856
1607,0.012161771,0.011877032
1608,0.00460994,0.004684852
1609,0.000874051,0.000890275
1610,0.001505889,0.001575157
1611,0.000986541,0.001176668
1612,0.001156214,0.001122116
1613,0.019996265,0.01642435
1614,0.001127694,0.001081543
1615,0.001093741,0.001166819
1616,0.001146366,0.00122878
1617,0.001419091,0.001517639
1618,0.001176774,0.001217324
1619,0.001071583,0.001048666
1620,0.001650798,0.001540212
1621,0.001047062,0.000949033
1622,0.009496649,0.008787266
1623,0.001929599,0.001992272
1624,0.000936101,0.000904391
1625,0.001826108,0.001884248
1626,0.00208437,0.001985353
1627,0.003718592,0.003793016
1628,0.000821813,0.000957574
1629,0.000755232,0.000779511
1630,0.019268045,0.015165259
1631,0.001084232,0.001053808
1632,0.00266184,0.002577639
1633,0.016423259,0.016375655
1634,0.000885835,0.000932849
1635,0.001672334,0.001407782
1636,0.001638213,0.00169217
1637,0.000912423,0.000889498
1638,0.001355558,0.001404709
1639,0.001634029,0.001451154
1640,0.001715933,0.001506419
1641,0.001238213,0.00147134
1642,0.000895273,0.000899621
1643,0.000985044,0.00098996
1644,0.00103878,0.001119479
1645,0.002037175,0.001879491
1646,0.001247848,0.001289202
1647,0.00185232,0.001665076
1648,0.001098166,0.001154038
1649,0.004145211,0.003951019
1650,0.001191357,0.001048806
1651,0.002967435,0.002942547
1652,0.000858862,0.000870342
1653,0.000943768,0.001038097
1654,0.001018573,0.000992671
1655,0.001228979,0.001170043
1656,0.000900225,0.000877739
1657,0.001005232,0.001010708
1658,0.001918296,0.001843845
1659,0.001429884,0.001465415
1660,0.001343734,0.001461564
1661,0.000906578,0.001045674
1662,0.003758844,0.003809283
1663,0.001153722,0.0010747
1664,0.013480013,0.011719556
1665,0.003708142,0.00374401
1666,0.004648512,0.004707022
1667,0.000912844,0.000955703
1668,0.001760389,0.001807132
1669,0.000824681,0.000904265
1670,0.002056685,0.002021792
1671,0.000763309,0.00085456
1672,0.001382019,0.001392997
1673,0.000870139,0.001026323
1674,0.000976574,0.001145204
1675,0.00115793,0.00113726
1676,0.001501417,0.001536398
1677,0.002481294,0.002358174
1678,0.001609376,0.001689048
1679,0.000698113,0.000711483
1680,0.000823885,0.000780564
1681,0.000834137,0.00084025
1682,0.003078509,0.002994213
1683,0.001870441,0.001809781
1684,0.000716944,0.000831084
1685,0.004156534,0.003854523
1686,0.003002799,0.003187915
1687,0.00140868,0.001450753
1688,0.001173539,0.001203251
1689,0.007355536,0.006071198
1690,0.001464485,0.00140442
1691,0.004030855,0.003470037
1692,0.003096282,0.00231881
1693,0.001537524,0.001568836
1694,0.00358126,0.00345454
1695,0.001979882,0.001751783
1696,0.004487558,0.003660045
1697,0.004478734,0.003713751
1698,0.004690117,0.003423593
1699,0.004572314,0.004368507
1700,0.001599003,0.001627134
1701,0.001447731,0.001590737
1702,0.004822273,0.003969823
1703,0.004527743,0.003587102
1704,0.003025743,0.002649268
1705,0.005426473,0.00408515
1706,0.002195699,0.002342213
1707,0.003466126,0.003048754
1708,0.003386323,0.00296585
1709,0.003959259,0.003027271
1710,0.001581548,0.001608957
1711,0.00352881,0.002884577
1712,0.003797709,0.003091568
1713,0.005385508,0.004218236
1714,0.002118576,0.002026894
1715,0.001859285,0.001648753
1716,0.004554811,0.003679553
1717,0.003525546,0.002939545
1718,0.002447802,0.002075983
1719,0.002610236,0.002381478
1720,0.0020068,0.001659905
1721,0.004871794,0.004015659
1722,0.002224852,0.002144554
1723,0.002205746,0.001914229
1724,0.002952025,0.00251823
1725,0.003750403,0.002997799
1726,0.002634286,0.002253631
1727,0.005075865,0.004578552
1728,0.005066343,0.004183284
1729,0.002472408,0.002293975
1730,0.002674902,0.002420351
1731,0.007052848,0.0059464
1732,0.003233656,0.002771538
1733,0.001171688,0.001338187
1734,0.00277176,0.002791926
1735,0.002186175,0.002339012
1736,0.003720483,0.003062906
1737,0.002057429,0.002109767
1738,0.002915209,0.003229834
1739,0.001829716,0.001687504
1740,0.001525458,0.001766885
1741,0.002046819,0.002030214
1742,0.001740745,0.001542298
1743,0.001442481,0.001542835
1744,0.002834817,0.002792626
1745,0.003204642,0.002859706
1746,0.00353931,0.002923868
1747,0.001206359,0.001265857
1748,0.002043567,0.001919491
1749,0.002696471,0.002501207
1750,0.002954709,0.002772545
1751,0.001886414,0.001778381
1752,0.00419603,0.003589747
1753,0.003330112,0.002603634
1754,0.001904037,0.001833828
1755,0.00319126,0.002596848
1756,0.001591534,0.001781251
1757,0.004652518,0.003629996
1758,0.004050118,0.003520659
1759,0.008297546,0.007113236
1760,0.002036875,0.001778036
1761,0.005555303,0.004880246
1762,0.003830742,0.003726097
1763,0.003602067,0.002965568
1764,0.002908175,0.002838052
1765,0.003455544,0.002821013
1766,0.002230102,0.001974441
1767,0.002353566,0.00199749
1768,0.005315059,0.004217552
1769,0.002699201,0.002462437
1770,0.001708666,0.001837448
1771,0.001450679,0.001478591
1772,0.001495935,0.001281768
1773,0.003118656,0.002449387
1774,0.003735755,0.003168344
1775,0.002535206,0.002481225
1776,0.004053818,0.003332864
1777,0.004383136,0.003320802
1778,0.002717306,0.002467011
1779,0.001471098,0.001417309
1780,0.002313044,0.002079531
1781,0.003391415,0.002725117
1782,0.002482422,0.002219591
1783,0.002333763,0.001928206
1784,0.007426734,0.006300733
1785,0.002218884,0.001863423
1786,0.002889323,0.002668516
1787,0.002933066,0.002815205
1788,0.001324854,0.001253535
1789,0.001945548,0.001718584
1790,0.002313436,0.00206484
1791,0.001995236,0.001709668
1792,0.002723507,0.002513561
1793,0.002160469,0.00189332
1794,0.001911509,0.001715604
1795,0.002974926,0.0024245
1796,0.002299601,0.0021542
1797,0.003410836,0.002454822
1798,0.002048508,0.001798911
1799,0.003341039,0.003044031
1800,0.002161282,0.001884587
1801,0.002640911,0.002077876
1802,0.007445485,0.005571697
1803,0.002748263,0.002622656
1804,0.004236467,0.003227638
1805,0.002381589,0.002179224
1806,0.001560971,0.0013132
1807,0.00268096,0.002337798
1808,0.001328059,0.001194419
1809,0.001283115,0.001323739
1810,0.001444478,0.001292281
1811,0.006459879,0.005326298
1812,0.00439456,0.003585643
1813,0.004948462,0.003979063
1814,0.006804526,0.005343745
1815,0.001602555,0.00186667
1816,0.001159137,0.001281426
1817,0.002469026,0.002184932
1818,0.00195757,0.001740607
1819,0.002687504,0.002545825
1820,0.003042526,0.00262345
1821,0.002665336,0.002343919
1822,0.001471506,0.001337394
1823,0.003662125,0.003247822
1824,0.003381811,0.002958103
1825,0.00244791,0.002097947
1826,0.001928121,0.001848685
1827,0.001816249,0.001675493
1828,0.002538741,0.002206884
1829,0.00248145,0.002250061
1830,0.005739535,0.004272338
1831,0.001974083,0.001937133
1832,0.00181873,0.001678051
1833,0.003028288,0.002774378
1834,0.002726142,0.002326536
1835,0.002197632,0.00171791
1836,0.001691122,0.001595772
1837,0.002788286,0.002248621
1838,0.005300319,0.00459603
1839,0.001513477,0.001295831
1840,0.003512088,0.00321359
1841,0.002227823,0.001918207
1842,0.003345721,0.002626808
1843,0.00383938,0.002957618
1844,0.004353988,0.00380907
1845,0.002486249,0.002149512
1846,0.001704713,0.001454747
1847,0.001999132,0.002041662
1848,0.002242048,0.001956296
1849,0.002275744,0.002052566
1850,0.003394673,0.002867614
1851,0.001311265,0.001392325
1852,0.001685829,0.001819762
1853,0.002863338,0.002405401
1854,0.001435183,0.001649608
1855,0.001543318,0.001657112
1856,0.00327313,0.002482631
1857,0.003861601,0.002774228
1858,0.003765972,0.003442894
1859,0.002107307,0.002029811
1860,0.002812615,0.002157122
1861,0.005850638,0.004931503
1862,0.004741291,0.003840965
1863,0.002316736,0.00211816
1864,0.002223545,0.001877821
1865,0.006890022,0.005472089
1866,0.002526277,0.002222633
1867,0.002186127,0.001995863
1868,0.002984572,0.002586163
1869,0.001265599,0.001337985
1870,0.004998378,0.003790088
1871,0.006303679,0.00508198
1872,0.002100794,0.002062282
1873,0.002044803,0.001986674
1874,0.002206823,0.001925292
1875,0.003317814,0.003174172
1876,0.003043392,0.002436756
1877,0.002226192,0.002154316
1878,0.001689568,0.001705848
1879,0.001569821,0.001766798
1880,0.001790753,0.00178293
1881,0.002347319,0.002370329
1882,0.001826792,0.001927751
1883,0.00340889,0.002765339
1884,0.002267181,0.002019047
1885,0.001726241,0.001672132
1886,0.003969072,0.003230117
1887,0.001795713,0.001952491
1888,0.004761809,0.003965139
1889,0.002009202,0.00194999
1890,0.001966171,0.002264224
1891,0.003840491,0.00352524
1892,0.002335577,0.002277543
1893,0.003002237,0.002350543
1894,0.002072301,0.001809565
1895,0.00200939,0.001977287
1896,0.002118781,0.002121092
1897,0.001719495,0.001544378
1898,0.003385226,0.002954312
1899,0.003555958,0.00293571
1900,0.001350735,0.001327452
1901,0.001836425,0.001551044
1902,0.001886482,0.001695758
1903,0.003263833,0.002856636
1904,0.002468323,0.002072283
1905,0.001958418,0.001712533
1906,0.002314907,0.002165121
1907,0.002255904,0.002109831
1908,0.00172033,0.001507068
1909,0.002074062,0.001574982
1910,0.002621992,0.00234192
1911,0.002951057,0.002540079
1912,0.00243724,0.002014396
1913,0.005055412,0.003799621
1914,0.002087326,0.001820557
1915,0.003076798,0.00279017
1916,0.002889733,0.002641043
1917,0.002371941,0.002173712
1918,0.001993395,0.001595943
1919,0.001748021,0.001438122
1920,0.006761847,0.005610075
1921,0.003727485,0.003157402
1922,0.003128757,0.002724906
1923,0.00195111,0.001775202
1924,0.004571371,0.003371772
1925,0.001561973,0.001493292
1926,0.001721959,0.001554654
1927,0.002593681,0.002410231
1928,0.00310999,0.002688204
1929,0.003074396,0.00253516
1930,0.001977584,0.00190489
1931,0.003033954,0.002674291
1932,0.001727535,0.001459988
1933,0.004600359,0.003963744
1934,0.003334883,0.003121052
1935,0.002045057,0.00170528
1936,0.001838265,0.001703597
1937,0.002183828,0.001975741
1938,0.002159302,0.002050623
1939,0.001889542,0.001491495
1940,0.002951691,0.002515016
1941,0.00200495,0.001630553
1942,0.002047916,0.001591795
1943,0.003283212,0.002611366
1944,0.001778873,0.001695862
1945,0.005740996,0.004573269
1946,0.007997951,0.00673776
1947,0.001833086,0.00160791
1948,0.005065748,0.004025897
1949,0.00367538,0.002963563
1950,0.004971837,0.003719918
1951,0.001558245,0.001464272
1952,0.004429244,0.003512669
1953,0.002122326,0.00191928
1954,0.006687499,0.005676248
1955,0.00268745,0.0021622
1956,0.001658748,0.001523127
1957,0.001763522,0.001482833
1958,0.006590164,0.005113993
1959,0.002634438,0.002152666
1960,0.002039609,0.001744489
1961,0.003006257,0.002780059
1962,0.002259555,0.001934839
1963,0.003943613,0.003009618
1964,0.003669718,0.002977096
1965,0.002261684,0.001984634
1966,0.002640635,0.002206155
1967,0.001895552,0.00191946
1968,0.007244723,0.006099699
1969,0.004431072,0.003643691
1970,0.005939602,0.004595985
1971,0.002869677,0.002719249
1972,0.002841569,0.002573119
1973,0.002595032,0.002392739
1974,0.002782437,0.002331851
1975,0.004189588,0.003585708
1976,0.00294112,0.002523061
1977,0.001943282,0.001779823
1978,0.001365378,0.001586816
1979,0.002148665,0.001896693
1980,0.002696123,0.002216407
1981,0.002125868,0.001976961
1982,0.007579396,0.005645952
1983,0.003578135,0.003421491
1984,0.001798381,0.001574942
1985,0.00296915,0.002488004
1986,0.001237585,0.001216057
1987,0.004038984,0.003220142
1988,0.002638342,0.002043457
1989,0.001568912,0.001387686
1990,0.002373169,0.00200281
1991,0.002033956,0.001938404
1992,0.003860244,0.003352713
1993,0.001926558,0.001723496
1994,0.000840013,0.000944731
1995,0.001866644,0.001615662
1996,0.003566548,0.002869153
1997,0.003409653,0.002576479
1998,0.003351092,0.002752368
1999,0.002741638,0.002354639
2000,0.002014281,0.00195234
2001,0.001345128,0.001138531
2002,0.00131064,0.00141218
2003,0.003005167,0.00243913
2004,0.001718181,0.001583499
2005,0.001357362,0.001112758
2006,0.001368767,0.00132284
2007,0.001822807,0.001676595
2008,0.003655377,0.002940418
2009,0.002261266,0.002098505
2010,0.002172824,0.001950282
2011,0.001535567,0.001442571
2012,0.004577286,0.00375397
2013,0.001896199,0.001572577
2014,0.002941383,0.002499739
2015,0.001811289,0.001838165
2016,0.001376506,0.001457549
2017,0.003955685,0.003020559
2018,0.001291801,0.001110556
2019,0.002594846,0.002164083
2020,0.007389492,0.005647923
2021,0.001679219,0.001734727
2022,0.003022052,0.003037212
2023,0.00371828,0.003079298
2024,0.001485916,0.001603246
2025,0.003707638,0.003013216
2026,0.001630421,0.001732574
2027,0.003464261,0.00251819
2028,0.001670233,0.001515252
2029,0.001785891,0.001577475
2030,0.006675801,0.00457213
2031,0.003412882,0.002741602
2032,0.001784997,0.00161506
2033,0.00291935,0.002161941
2034,0.002343061,0.002042748
2035,0.002222021,0.002098551
2036,0.001621702,0.001695066
2037,0.004873435,0.003933533
2038,0.002096443,0.00188927
2039,0.002301922,0.002009437
2040,0.003278734,0.002859091
2041,0.0018384,0.001891386
2042,0.004069299,0.003252737
2043,0.001524273,0.001701431
2044,0.001604056,0.001784883
2045,0.002104848,0.001981227
2046,0.001939471,0.00176529
2047,0.001559465,0.00139103
2048,0.001388444,0.001258146
2049,0.001623668,0.001495631
2050,0.002942394,0.002209998
2051,0.002368668,0.002110307
2052,0.001292104,0.001195409
2053,0.001592999,0.001612194
2054,0.002789254,0.002350325
2055,0.003316577,0.002833354
2056,0.001608381,0.0014592
2057,0.002982564,0.002883405
2058,0.002535978,0.00235173
2059,0.002137649,0.001796804
2060,0.003245251,0.002700452
2061,0.001802757,0.001674129
2062,0.001453608,0.001469059
2063,0.00328651,0.002984496
2064,0.003993925,0.003530693
2065,0.001521379,0.001448243
2066,0.002692554,0.002354706
2067,0.001674704,0.001546354
2068,0.002244571,0.002156041
2069,0.003848194,0.002861282
2070,0.001217093,0.001369198
2071,0.002469923,0.002080968
2072,0.003275544,0.002601565
2073,0.001444664,0.001337052
2074,0.002143063,0.001916575
2075,0.002039649,0.001621493
2076,0.002251453,0.001925778
2077,0.002139915,0.001707424
2078,0.001003933,0.001267268
2079,0.002449882,0.002257124
2080,0.001657776,0.001509061
2081,0.002071112,0.001719656
2082,0.002231512,0.001677421
2083,0.001590465,0.001520264
2084,0.001969817,0.001906309
2085,0.002895819,0.002594687
2086,0.004340305,0.003208072
2087,0.00159538,0.00132347
2088,0.006410605,0.00487069
2089,0.002164585,0.001911706
2090,0.003908723,0.003526619
2091,0.002983581,0.002567275
2092,0.00286539,0.002287621
2093,0.002173003,0.002135121
2094,0.001959913,0.001801514
2095,0.003376209,0.002537733
2096,0.002660372,0.001995759
2097,0.003396403,0.003112203
2098,0.001605853,0.001586668
2099,0.001674635,0.001419723
2100,0.001438072,0.001393171
2101,0.00222863,0.00179129
2102,0.003329148,0.002510209
2103,0.002148071,0.001865486
2104,0.003874709,0.003007541
2105,0.002989891,0.002526729
2106,0.002607585,0.002255904
2107,0.001146751,0.001261295
2108,0.003994211,0.003060743
2109,0.001780775,0.001781425
2110,0.001692145,0.001435558
2111,0.002122117,0.001910547
2112,0.001098284,0.001245121
2113,0.003291622,0.002711375
2114,0.001648695,0.00157297
2115,0.004802803,0.004420739
2116,0.002999749,0.002341782
2117,0.003801617,0.003153857
2118,0.001616483,0.001293905
2119,0.00198642,0.001658325
2120,0.001634275,0.001275462
2121,0.002553289,0.00202463
2122,0.004053261,0.003180761
2123,0.005740017,0.004550364
2124,0.002130619,0.00190475
2125,0.001942569,0.001693822
2126,0.001703068,0.001520102
2127,0.001489117,0.001390057
2128,0.001400855,0.001312264
2129,0.006389202,0.004866262
2130,0.004419671,0.003329551
2131,0.001424839,0.001260619
2132,0.00154945,0.00163488
2133,0.001204451,0.001143968
2134,0.002585682,0.002239582
2135,0.001916952,0.001610656
2136,0.0021644,0.001821371
2137,0.001893045,0.001660382
2138,0.003234809,0.002484676
2139,0.002268555,0.001998853
2140,0.002030993,0.001899297
2141,0.001313977,0.001295835
2142,0.002344771,0.001991728
2143,0.002324086,0.001943223
2144,0.002636719,0.002311001
2145,0.001794686,0.001502482
2146,0.002089087,0.001761362
2147,0.002354271,0.001729964
2148,0.004126671,0.003120758
2149,0.003052518,0.002246904
2150,0.001781687,0.001400452
2151,0.001210258,0.001231153
2152,0.0021743,0.001993607
2153,0.002912508,0.002049847
2154,0.002304746,0.001841128
2155,0.002120861,0.001901997
2156,0.002580372,0.002272701
2157,0.001742935,0.001581943
2158,0.002632507,0.002190493
2159,0.002452611,0.002103021
2160,0.001736402,0.001503865
2161,0.002066312,0.001752457
2162,0.006372971,0.004590069
2163,0.006746352,0.005050785
2164,0.001971781,0.002017453
2165,0.001750962,0.001917348
2166,0.001396928,0.00144068
2167,0.001615884,0.00164107
2168,0.003134753,0.00250645
2169,0.001810951,0.001775629
2170,0.003981309,0.003321154
2171,0.00307005,0.002807311
2172,0.004629104,0.004058421
2173,0.002024065,0.001833836
2174,0.001824396,0.001688127
2175,0.004454295,0.003185987
2176,0.00378201,0.002770298
2177,0.002619876,0.002112957
2178,0.002384273,0.002186792
2179,0.001803528,0.00171371
2180,0.002227704,0.001814787
2181,0.003798924,0.003417514
2182,0.002003431,0.001756258
2183,0.002043798,0.001725476
2184,0.002891406,0.002553197
2185,0.001910777,0.001660352
2186,0.004943339,0.003649239
2187,0.001350172,0.001250567
2188,0.003471835,0.002527772
2189,0.002056721,0.001828052
2190,0.002682087,0.002584357
2191,0.001201778,0.001347765
2192,0.002661225,0.001991104
2193,0.00277345,0.002419892
2194,0.001686245,0.001721519
2195,0.00235402,0.002096753
2196,0.002491802,0.002208838
2197,0.003025884,0.002323412
2198,0.001812248,0.001583062
2199,0.001428762,0.001275668
2200,0.0017862,0.001534511
2201,0.002088258,0.001753925
2202,0.00188079,0.001704783
2203,0.003601878,0.002767432
2204,0.006467841,0.004913142
2205,0.001872781,0.001780263
2206,0.001483879,0.001323836
2207,0.002401991,0.002113087
2208,0.002728023,0.002262354
2209,0.002658913,0.002211362
2210,0.003528002,0.00296571
2211,0.001855884,0.001820953
2212,0.001580895,0.001516181
2213,0.002663859,0.002049615
2214,0.002378962,0.001839038
2215,0.001380688,0.001416497
2216,0.003053301,0.002530019
2217,0.001835162,0.001928221
2218,0.002193663,0.001731806
2219,0.00248169,0.002190639
2220,0.001248201,0.001196542
2221,0.003765632,0.003123024
2222,0.003356744,0.002451967
2223,0.002328603,0.001977922
2224,0.003790184,0.003151231
2225,0.002603748,0.002117857
2226,0.002329184,0.001866427
2227,0.001824536,0.001558624
2228,0.001918261,0.001865242
2229,0.001707077,0.001590861
2230,0.0024611,0.002153879
2231,0.00169623,0.001434782
2232,0.002639931,0.002273906
2233,0.001607852,0.001561346
2234,0.001824197,0.00173611
2235,0.001282628,0.00141532
2236,0.002023373,0.001883194
2237,0.00212939,0.001852154
2238,0.002026811,0.002028236
2239,0.003711595,0.002803695
2240,0.001939979,0.001740701
2241,0.004456735,0.003303021
2242,0.003552562,0.003038829
2243,0.001455104,0.001445087
2244,0.001076217,0.001149004
2245,0.001411393,0.00177108
2246,0.001499073,0.001562172
2247,0.001852789,0.001952252
2248,0.00608269,0.004846475
2249,0.001229563,0.001285577
2250,0.003037269,0.002490832
2251,0.001181574,0.001277192